timestamp,feed_weight_kg,motor_current_a,throughput_kgph,grinder_temp_c,moisture_pct,bag_count
2026-03-22 00:59:00,0.0,0.0,0,26.42,12.61,0
2026-03-22 01:59:00,0.0,0.33,0,24.31,12.61,0
2026-03-22 02:59:00,0.0,0.19,0,26.81,13.09,0
2026-03-22 03:59:00,0.0,0.18,0,26.47,12.94,0
2026-03-22 04:59:00,0.0,0.08,0,26.63,12.65,0
2026-03-22 05:59:00,0.0,0.12,0,26.62,12.78,0
2026-03-22 06:59:00,0.0,0.31,0,27.76,12.08,0
2026-03-22 07:59:00,0.0,0.49,0,27.78,12.51,0
2026-03-22 08:59:00,0.0,0.38,0,26.97,12.4,0
2026-03-22 09:59:00,0.0,0.44,0,27.12,12.67,0
2026-03-22 10:59:00,0.0,0.41,0,26.38,13.07,0
2026-03-22 11:59:00,0.0,0.27,0,25.33,12.34,0
2026-03-22 12:59:00,0.0,0.24,0,25.51,12.82,0
2026-03-22 13:59:00,0.0,0.32,0,26.42,12.76,0
2026-03-22 14:59:00,0.0,0.12,0,26.57,12.3,0
2026-03-22 15:59:00,0.0,0.17,0,28.05,12.59,0
2026-03-22 16:59:00,0.0,0.21,0,28.91,12.46,0
2026-03-22 17:59:00,0.0,0.54,0,27.41,12.81,0
2026-03-22 18:59:00,0.0,0.14,0,28.67,12.57,0
2026-03-22 19:59:00,0.0,0.0,0,27.3,12.71,0
2026-03-22 20:59:00,0.0,0.3,0,27.1,12.44,0
2026-03-22 21:59:00,0.0,0.0,0,27.51,12.49,0
2026-03-22 22:59:00,0.0,0.0,0,27.22,12.37,0
2026-03-22 23:59:00,0.0,0.07,0,30.38,12.72,0
2026-03-23 00:59:00,0.0,0.91,0,28.62,12.28,0
2026-03-23 01:59:00,0.0,0.24,0,28.17,12.73,0
2026-03-23 02:59:00,0.0,0.17,0,26.78,12.79,0
2026-03-23 03:59:00,0.0,0.0,0,27.99,12.86,0
2026-03-23 04:59:00,0.0,0.09,0,30.09,12.69,0
2026-03-23 05:59:00,0.0,0.51,0,28.27,12.52,0
2026-03-23 06:59:00,2500.55,74.99,2442.0,57.6,12.77,45
2026-03-23 07:59:00,4957.68,75.52,2461.1,68.26,12.73,95
2026-03-23 08:59:00,7351.71,75.71,2436.6,72.01,12.1,142
2026-03-23 09:59:00,7391.99,0.52,0,40.61,12.28,142
2026-03-23 10:59:00,7391.99,0.18,0,31.62,12.92,142
2026-03-23 11:59:00,8536.32,71.69,2328.9,48.03,12.56,169
2026-03-23 12:59:00,10793.96,70.69,2256.1,65.02,12.71,213
2026-03-23 13:59:00,13052.01,71.34,2190.3,69.06,13.1,255
2026-03-23 14:59:00,15299.18,72.19,2273.3,71.18,12.7,304
2026-03-23 15:59:00,17547.75,71.28,2225.0,73.5,12.51,344
2026-03-23 16:59:00,19807.12,71.47,2189.0,71.56,12.27,390
2026-03-23 17:59:00,22093.65,73.72,2262.7,71.21,12.6,432
2026-03-23 18:59:00,24393.95,75.0,2257.6,72.16,12.17,474
2026-03-23 19:59:00,26737.31,75.1,2349.3,72.16,12.28,526
2026-03-23 20:59:00,29147.62,75.74,2382.6,71.86,12.43,575
2026-03-23 21:59:00,31596.78,75.6,2456.4,72.52,12.9,622
2026-03-23 22:59:00,31637.05,0.8,0,42.04,12.52,622
2026-03-23 23:59:00,31637.05,0.34,0,34.0,12.35,622
2026-03-24 00:59:00,31637.05,0.0,0,29.73,12.46,622
2026-03-24 01:59:00,31637.05,0.5,0,28.96,12.24,622
2026-03-24 02:59:00,31637.05,0.48,0,29.21,12.16,622
2026-03-24 03:59:00,31637.05,0.84,0,29.6,12.49,622
2026-03-24 04:59:00,31637.05,0.41,0,30.02,12.5,622
2026-03-24 05:59:00,31637.05,0.33,0,28.44,12.69,622
2026-03-24 06:59:00,34142.89,75.64,2568.3,59.35,12.51,676
2026-03-24 07:59:00,36567.32,78.34,2432.3,67.31,12.31,723
2026-03-24 08:59:00,38973.23,76.82,2439.2,70.99,12.27,773
2026-03-24 09:59:00,41339.64,74.36,2373.0,70.85,13.0,820
2026-03-24 10:59:00,43666.12,74.29,2318.2,72.57,12.67,865
2026-03-24 11:59:00,45954.85,74.15,2236.9,73.87,12.25,913
2026-03-24 12:59:00,48221.0,72.89,2245.1,71.92,12.32,958
2026-03-24 13:59:00,50476.79,69.07,2221.8,73.54,12.34,996
2026-03-24 14:59:00,52715.02,73.14,2231.8,73.96,12.42,1043
2026-03-24 15:59:00,54969.36,69.96,2214.2,74.07,12.3,1091
2026-03-24 16:59:00,57217.34,74.5,2277.8,71.73,12.89,1129
2026-03-24 17:59:00,59506.25,72.89,2378.4,72.46,12.62,1174
2026-03-24 18:59:00,61814.65,72.29,2328.1,72.03,12.87,1221
2026-03-24 19:59:00,64180.51,78.69,2474.5,72.25,12.67,1268
2026-03-24 20:59:00,66587.8,76.52,2435.8,69.94,12.41,1316
2026-03-24 21:59:00,69018.31,78.72,2439.3,70.78,12.73,1364
2026-03-24 22:59:00,69058.93,0.62,0,40.11,12.41,1364
2026-03-24 23:59:00,69058.93,0.05,0,33.26,12.71,1364
2026-03-25 00:59:00,69058.93,0.3,0,31.88,12.49,1364
2026-03-25 01:59:00,69058.93,0.3,0,28.39,12.73,1364
2026-03-25 02:59:00,69058.93,0.28,0,28.07,12.43,1364
2026-03-25 03:59:00,69058.93,0.3,0,27.37,12.36,1364
2026-03-25 04:59:00,69058.93,0.21,0,25.61,12.6,1364
2026-03-25 05:59:00,69058.93,0.36,0,25.72,12.62,1364
2026-03-25 06:59:00,71563.3,77.56,2452.0,57.51,12.46,1417
2026-03-25 07:59:00,74006.44,74.52,2417.3,65.36,12.4,1469
2026-03-25 08:59:00,76401.74,74.48,2379.7,69.84,12.65,1521
2026-03-25 09:59:00,78775.15,75.06,2414.0,69.82,12.46,1565
2026-03-25 10:59:00,81099.86,75.85,2375.3,71.78,12.14,1610
2026-03-25 11:59:00,83381.99,69.83,2226.4,71.65,12.14,1652
2026-03-25 12:59:00,85642.61,72.17,2312.9,72.96,11.95,1697
2026-03-25 13:59:00,87899.77,71.59,2221.9,73.3,12.28,1737
2026-03-25 14:59:00,90146.26,72.3,2248.0,72.43,12.47,1787
2026-03-25 15:59:00,92398.79,73.05,2215.9,74.75,12.4,1833
2026-03-25 16:59:00,94661.36,71.23,2203.2,73.65,12.44,1876
2026-03-25 17:59:00,96944.19,71.0,2290.0,70.7,12.19,1923
2026-03-25 18:59:00,99269.05,73.18,2261.9,71.11,13.09,1965
2026-03-25 19:59:00,101628.11,74.53,2365.3,72.17,12.71,2016
2026-03-25 20:59:00,104016.59,73.58,2340.3,69.95,12.44,2064
2026-03-25 21:59:00,106464.42,76.85,2473.3,70.5,12.55,2112
2026-03-25 22:59:00,106504.86,0.0,0,44.96,12.58,2112
2026-03-25 23:59:00,106504.86,0.71,0,32.58,12.5,2112
2026-03-26 00:59:00,106504.86,0.39,0,30.04,12.79,2112
2026-03-26 01:59:00,106504.86,0.43,0,28.26,12.88,2112
2026-03-26 02:59:00,106504.86,0.3,0,24.65,12.92,2112
2026-03-26 03:59:00,106504.86,0.64,0,27.63,12.59,2112
2026-03-26 04:59:00,106504.86,0.48,0,27.1,12.52,2112
2026-03-26 05:59:00,106504.86,0.25,0,28.47,12.53,2112
2026-03-26 06:59:00,109010.73,77.63,2504.6,59.44,12.41,2164
2026-03-26 07:59:00,111452.77,79.43,2483.4,69.74,12.67,2213
2026-03-26 08:59:00,113835.03,72.79,2370.5,71.62,12.63,2261
2026-03-26 09:59:00,116198.18,75.38,2383.9,71.96,12.46,2305
2026-03-26 10:59:00,118522.89,76.39,2348.3,71.75,12.59,2351
2026-03-26 11:59:00,120806.06,72.02,2241.6,72.12,12.73,2400
2026-03-26 12:59:00,123073.76,70.65,2181.7,72.29,12.84,2446
2026-03-26 13:59:00,125323.71,71.37,2233.3,73.37,12.29,2489
2026-03-26 14:59:00,127552.26,73.13,2298.4,72.14,12.4,2534
2026-03-26 15:59:00,129799.99,71.86,2227.1,71.67,12.33,2581
2026-03-26 16:59:00,132049.96,71.48,2201.7,73.69,12.16,2622
2026-03-26 17:59:00,134339.83,72.5,2235.0,70.84,12.61,2665
2026-03-26 18:59:00,136667.27,73.63,2352.9,70.99,12.69,2711
2026-03-26 19:59:00,138991.49,74.65,2446.7,69.89,12.39,2756
2026-03-26 20:59:00,141387.67,77.48,2457.0,71.59,12.49,2806
2026-03-26 21:59:00,143840.89,75.37,2423.0,72.16,13.26,2855
2026-03-26 22:59:00,143880.9,0.03,0,42.45,12.99,2855
2026-03-26 23:59:00,143880.9,0.58,0,32.45,12.9,2855
2026-03-27 00:59:00,143880.9,0.82,0,30.75,12.37,2855
2026-03-27 01:59:00,143880.9,0.7,0,29.9,12.44,2855
2026-03-27 02:59:00,143880.9,0.28,0,27.64,12.19,2855
2026-03-27 03:59:00,143880.9,0.0,0,29.9,12.22,2855
2026-03-27 04:59:00,143880.9,0.39,0,29.56,12.71,2855
2026-03-27 05:59:00,143880.9,0.23,0,27.61,12.86,2855
2026-03-27 06:59:00,146384.84,74.11,2457.1,59.73,13.22,2905
2026-03-27 07:59:00,148830.82,75.46,2413.1,67.62,12.66,2949
2026-03-27 08:59:00,151228.79,75.23,2469.1,71.2,12.31,3001
2026-03-27 09:59:00,153591.29,73.72,2357.9,74.68,12.6,3047
2026-03-27 10:59:00,155920.73,71.04,2262.6,71.98,12.69,3092
2026-03-27 11:59:00,158211.04,72.87,2298.0,73.4,12.47,3137
2026-03-27 12:59:00,160470.31,74.68,2241.0,71.81,12.59,3177
2026-03-27 13:59:00,162731.16,73.62,2303.6,72.81,12.6,3219
2026-03-27 14:59:00,164984.38,73.62,2257.4,73.96,12.07,3268
2026-03-27 15:59:00,167241.18,72.94,2217.6,71.08,12.46,3312
2026-03-27 16:59:00,169491.04,72.21,2239.7,72.56,12.41,3360
2026-03-27 17:59:00,171782.95,74.15,2329.3,72.23,12.18,3405
2026-03-27 18:59:00,174106.0,73.3,2277.3,71.97,12.67,3453
2026-03-27 19:59:00,176464.28,74.1,2340.6,71.87,12.5,3499
2026-03-27 20:59:00,178863.33,73.69,2397.4,72.16,12.34,3546
2026-03-27 21:59:00,181315.08,73.5,2403.9,73.69,12.58,3591
2026-03-27 22:59:00,181355.0,0.31,0,42.49,12.73,3591
2026-03-27 23:59:00,181355.0,0.48,0,31.82,12.4,3591
2026-03-28 00:59:00,181355.0,0.36,0,25.95,12.47,3591
2026-03-28 01:59:00,181355.0,0.13,0,26.59,12.39,3591
2026-03-28 02:59:00,181355.0,0.54,0,26.99,12.3,3591
2026-03-28 03:59:00,181355.0,0.22,0,27.7,12.38,3591
2026-03-28 04:59:00,181355.0,0.43,0,27.65,13.02,3591
2026-03-28 05:59:00,181355.0,0.24,0,27.6,12.5,3591
2026-03-28 06:59:00,183868.4,75.93,2481.5,60.02,12.43,3643
2026-03-28 07:59:00,186319.86,76.03,2394.7,67.86,12.18,3697
2026-03-28 08:59:00,188720.9,74.54,2423.1,71.43,12.56,3747
2026-03-28 09:59:00,191080.69,73.33,2317.9,72.5,12.73,3801
2026-03-28 10:59:00,193406.98,71.86,2269.7,72.77,12.35,3843
2026-03-28 11:59:00,195682.84,73.22,2295.5,73.65,13.13,3885
2026-03-28 12:59:00,197944.21,73.71,2259.9,73.36,12.98,3932
2026-03-28 13:59:00,200194.12,71.29,2279.6,74.92,12.28,3971
2026-03-28 14:59:00,202444.6,73.34,2237.2,71.69,12.68,4010
2026-03-28 15:59:00,204689.53,71.9,2272.5,71.95,12.77,4051
2026-03-28 16:59:00,206980.3,69.81,2284.7,72.2,12.4,4098
2026-03-28 17:59:00,209268.36,70.74,2269.3,72.54,12.76,4138
2026-03-28 18:59:00,211593.92,76.18,2361.7,71.66,12.62,4181
2026-03-28 19:59:00,213956.72,78.77,2362.4,71.74,12.15,4229
2026-03-28 20:59:00,216355.57,76.21,2393.7,71.53,12.29,4274
2026-03-28 21:59:00,218804.22,78.65,2411.3,72.97,12.43,4320
2026-03-28 22:59:00,218843.87,0.47,0,43.11,12.66,4320
2026-03-28 23:59:00,218843.87,0.1,0,32.53,12.55,4320
2026-03-29 00:59:00,218843.87,0.56,0,28.13,12.72,4320
2026-03-29 01:59:00,218843.87,0.08,0,28.83,12.51,4320
2026-03-29 02:59:00,218843.87,0.41,0,29.7,12.94,4320
2026-03-29 03:59:00,218843.87,0.38,0,28.52,12.68,4320
2026-03-29 04:59:00,218843.87,0.41,0,30.38,12.51,4320
2026-03-29 05:59:00,218843.87,0.01,0,30.59,12.82,4320
2026-03-29 06:59:00,218843.87,0.47,0,27.35,12.69,4320
2026-03-29 07:59:00,218843.87,0.72,0,27.96,12.48,4320
2026-03-29 08:59:00,218843.87,0.49,0,26.27,12.52,4320
2026-03-29 09:59:00,218843.87,0.21,0,26.87,12.15,4320
2026-03-29 10:59:00,218843.87,0.37,0,27.24,12.19,4320
2026-03-29 11:59:00,218843.87,0.42,0,28.93,12.35,4320
2026-03-29 12:59:00,218843.87,0.43,0,28.97,12.56,4320
2026-03-29 13:59:00,218843.87,0.12,0,26.23,12.23,4320
2026-03-29 14:59:00,218843.87,0.51,0,28.17,12.45,4320
2026-03-29 15:59:00,218843.87,0.22,0,30.38,12.59,4320
2026-03-29 16:59:00,218843.87,0.71,0,27.35,12.6,4320
2026-03-29 17:59:00,218843.87,0.0,0,26.14,12.4,4320
2026-03-29 18:59:00,218843.87,0.23,0,26.27,12.51,4320
2026-03-29 19:59:00,218843.87,1.08,0,27.3,12.76,4320
2026-03-29 20:59:00,218843.87,0.38,0,27.88,12.31,4320
2026-03-29 21:59:00,218843.87,0.02,0,27.67,12.66,4320
2026-03-29 22:59:00,218843.87,0.31,0,30.45,12.59,4320
2026-03-29 23:59:00,218843.87,0.2,0,28.99,12.91,4320
2026-03-30 00:59:00,218843.87,0.11,0,27.61,12.66,4320
2026-03-30 01:59:00,218843.87,0.36,0,27.64,12.36,4320
2026-03-30 02:59:00,218843.87,0.34,0,29.49,12.45,4320
2026-03-30 03:59:00,218843.87,0.36,0,28.37,12.34,4320
2026-03-30 04:59:00,218843.87,0.35,0,27.1,12.5,4320
2026-03-30 05:59:00,218843.87,0.0,0,27.77,12.66,4320
2026-03-30 06:59:00,221345.5,78.05,2479.1,59.34,13.24,4373
2026-03-30 07:59:00,223796.15,72.28,2425.8,67.26,12.35,4422
2026-03-30 08:59:00,226204.48,74.87,2400.5,68.94,12.54,4475
2026-03-30 09:59:00,228550.53,74.4,2347.5,71.41,12.91,4521
2026-03-30 10:59:00,230884.6,78.43,2381.5,70.79,12.41,4566
2026-03-30 11:59:00,233141.31,71.19,2276.0,71.32,12.96,4606
2026-03-30 12:59:00,235412.05,73.97,2198.1,72.39,12.44,4655
2026-03-30 13:59:00,237669.39,73.79,2297.2,71.52,12.23,4701
2026-03-30 14:59:00,239928.91,71.57,2266.9,70.78,12.55,4749
2026-03-30 15:59:00,242184.21,76.11,2269.0,70.78,12.76,4798
2026-03-30 16:59:00,244449.76,72.27,2319.3,73.39,12.9,4846
2026-03-30 17:59:00,246725.77,70.25,2280.8,72.37,13.39,4894
2026-03-30 18:59:00,249057.0,73.86,2279.6,72.33,12.8,4944
2026-03-30 19:59:00,251426.7,72.71,2308.5,72.85,12.44,4995
2026-03-30 20:59:00,253839.34,72.19,2375.5,72.56,12.94,5046
2026-03-30 21:59:00,256293.45,76.08,2521.7,72.88,13.25,5092
2026-03-30 22:59:00,256335.77,0.28,0,42.07,12.95,5092
2026-03-30 23:59:00,256335.77,0.29,0,30.97,12.5,5092
2026-03-31 00:59:00,256335.77,0.48,0,28.19,12.28,5092
2026-03-31 01:59:00,256335.77,0.0,0,28.09,12.5,5092
2026-03-31 02:59:00,256335.77,0.79,0,28.33,12.51,5092
2026-03-31 03:59:00,256335.77,0.07,0,26.92,12.21,5092
2026-03-31 04:59:00,256335.77,0.48,0,27.21,11.94,5092
2026-03-31 05:59:00,256335.77,0.59,0,29.01,12.34,5092
2026-03-31 06:59:00,258831.21,79.4,2448.3,59.46,12.27,5142
2026-03-31 07:59:00,261283.73,72.95,2331.6,68.78,12.22,5185
2026-03-31 08:59:00,263688.28,77.56,2468.7,69.6,11.92,5233
2026-03-31 09:59:00,266039.09,73.41,2328.4,71.73,12.52,5273
2026-03-31 10:59:00,268352.84,72.75,2295.6,71.93,12.53,5320
2026-03-31 11:59:00,268390.72,0.86,0,40.08,12.37,5320
2026-03-31 12:59:00,268390.72,0.0,0,31.97,12.49,5320
2026-03-31 13:59:00,270647.48,70.95,2234.6,60.04,12.79,5364
2026-03-31 14:59:00,272898.91,75.39,2250.4,70.12,12.6,5410
2026-03-31 15:59:00,275138.95,75.12,2216.5,72.19,12.15,5456
2026-03-31 16:59:00,277383.86,73.47,2309.5,73.77,12.25,5502
2026-03-31 17:59:00,279670.09,74.51,2287.3,72.69,12.46,5550
2026-03-31 18:59:00,281995.4,72.73,2342.0,72.04,12.77,5598
2026-03-31 19:59:00,284352.36,75.83,2391.1,72.36,12.74,5640
2026-03-31 20:59:00,286736.52,76.02,2385.9,70.57,12.77,5685
2026-03-31 21:59:00,289189.43,78.08,2436.9,70.15,12.25,5727
2026-03-31 22:59:00,289230.13,0.33,0,42.54,12.34,5727
2026-03-31 23:59:00,289230.13,0.0,0,32.56,12.46,5727
2026-04-01 00:59:00,289230.13,0.02,0,28.36,11.92,5727
2026-04-01 01:59:00,289230.13,0.3,0,28.49,12.41,5727
2026-04-01 02:59:00,289230.13,0.09,0,25.38,12.39,5727
2026-04-01 03:59:00,289230.13,0.0,0,27.0,12.45,5727
2026-04-01 04:59:00,289230.13,0.72,0,27.12,12.49,5727
2026-04-01 05:59:00,289230.13,0.22,0,28.51,12.89,5727
2026-04-01 06:59:00,291736.79,81.78,2618.1,59.16,12.98,5773
2026-04-01 07:59:00,294191.29,75.22,2470.6,66.92,13.01,5825
2026-04-01 08:59:00,296605.9,72.09,2316.9,70.0,13.08,5874
2026-04-01 09:59:00,298974.19,72.31,2323.2,69.94,12.6,5924
2026-04-01 10:59:00,301304.27,71.95,2376.2,70.2,12.66,5970
2026-04-01 11:59:00,303602.27,74.27,2316.3,71.97,12.41,6022
2026-04-01 12:59:00,305871.24,71.71,2242.5,70.25,12.69,6063
2026-04-01 13:59:00,308132.52,72.76,2282.8,72.68,12.23,6111
2026-04-01 14:59:00,310388.53,70.5,2239.1,72.66,12.55,6156
2026-04-01 15:59:00,312627.79,75.53,2316.0,71.33,12.52,6200
2026-04-01 16:59:00,314891.69,72.74,2300.7,71.04,12.55,6243
2026-04-01 17:59:00,317194.58,72.65,2250.2,69.61,12.2,6287
2026-04-01 18:59:00,319526.44,70.78,2289.1,69.98,12.42,6335
2026-04-01 19:59:00,321885.56,75.97,2335.1,71.0,12.31,6381
2026-04-01 20:59:00,324288.04,74.84,2405.9,71.11,12.88,6430
2026-04-01 21:59:00,326734.96,73.72,2425.5,73.62,12.53,6482
2026-04-01 22:59:00,326775.29,0.18,0,42.95,12.98,6482
2026-04-01 23:59:00,326775.29,0.0,0,33.89,12.69,6482
2026-04-02 00:59:00,326775.29,0.13,0,30.15,12.56,6482
2026-04-02 01:59:00,326775.29,0.67,0,28.15,12.19,6482
2026-04-02 02:59:00,326775.29,0.47,0,26.49,12.14,6482
2026-04-02 03:59:00,326775.29,0.41,0,28.27,12.58,6482
2026-04-02 04:59:00,326775.29,0.0,0,28.85,12.16,6482
2026-04-02 05:59:00,326775.29,0.53,0,27.14,12.47,6482
2026-04-02 06:59:00,329282.01,77.93,2574.2,56.46,12.54,6527
2026-04-02 07:59:00,331726.3,72.06,2446.2,65.72,12.64,6569
2026-04-02 08:59:00,334130.56,76.72,2413.9,70.37,12.67,6616
2026-04-02 09:59:00,336490.41,74.53,2411.9,71.49,12.14,6664
2026-04-02 10:59:00,338817.44,75.36,2313.9,69.74,12.14,6711
2026-04-02 11:59:00,341113.24,72.6,2266.6,72.42,12.23,6757
2026-04-02 12:59:00,343380.14,70.57,2222.0,73.85,12.52,6804
2026-04-02 13:59:00,345634.1,75.16,2229.5,71.82,12.22,6849
2026-04-02 14:59:00,347867.57,70.62,2225.7,73.21,12.89,6895
2026-04-02 15:59:00,350115.83,73.77,2182.6,70.69,12.65,6940
2026-04-02 16:59:00,352384.46,72.72,2357.2,71.95,12.28,6984
2026-04-02 17:59:00,354680.07,68.72,2257.7,71.18,12.9,7035
2026-04-02 18:59:00,357006.29,70.81,2315.7,72.26,12.36,7081
2026-04-02 19:59:00,359367.74,75.59,2341.0,71.94,12.64,7129
2026-04-02 20:59:00,361771.15,75.05,2438.5,72.93,12.48,7173
2026-04-02 21:59:00,364220.45,77.09,2448.4,71.22,12.71,7227
2026-04-02 22:59:00,364260.84,0.18,0,40.95,12.3,7227
2026-04-02 23:59:00,364260.84,0.5,0,30.83,12.39,7227
2026-04-03 00:59:00,364260.84,0.0,0,30.35,12.08,7227
2026-04-03 01:59:00,364260.84,0.43,0,29.39,12.19,7227
2026-04-03 02:59:00,364260.84,0.0,0,27.97,12.48,7227
2026-04-03 03:59:00,364260.84,0.44,0,25.92,12.6,7227
2026-04-03 04:59:00,364260.84,0.0,0,27.98,12.66,7227
2026-04-03 05:59:00,364260.84,0.38,0,29.8,12.61,7227
2026-04-03 06:59:00,366761.58,80.25,2494.9,58.42,12.83,7273
2026-04-03 07:59:00,369214.6,73.48,2430.2,67.28,12.89,7325
2026-04-03 08:59:00,371604.1,74.23,2376.0,68.37,12.92,7373
2026-04-03 09:59:00,373954.5,74.54,2377.1,71.27,12.46,7421
2026-04-03 10:59:00,376278.76,73.59,2334.3,70.44,12.33,7471
2026-04-03 11:59:00,378567.07,71.49,2253.3,73.05,12.21,7520
2026-04-03 12:59:00,380825.02,71.38,2249.4,72.08,12.56,7566
2026-04-03 13:59:00,383057.39,72.68,2231.4,73.89,12.39,7607
2026-04-03 14:59:00,385287.87,72.42,2303.4,73.92,12.45,7653
2026-04-03 15:59:00,387540.45,71.84,2255.2,72.26,12.61,7699
2026-04-03 16:59:00,389805.21,70.9,2265.1,71.85,12.22,7742
2026-04-03 17:59:00,392092.7,74.04,2269.7,71.91,12.48,7784
2026-04-03 18:59:00,394416.32,72.23,2354.2,71.75,12.5,7829
2026-04-03 19:59:00,396777.94,77.04,2398.4,74.0,12.44,7879
2026-04-03 20:59:00,399184.5,73.54,2344.8,74.3,12.24,7928
2026-04-03 21:59:00,401606.12,75.37,2451.4,73.93,12.07,7979
2026-04-03 22:59:00,401646.95,0.21,0,42.07,12.03,7979
2026-04-03 23:59:00,401646.95,0.42,0,33.86,12.48,7979
2026-04-04 00:59:00,401646.95,0.05,0,28.77,12.68,7979
2026-04-04 01:59:00,401646.95,1.04,0,28.92,12.7,7979
2026-04-04 02:59:00,401646.95,0.14,0,27.83,12.4,7979
2026-04-04 03:59:00,401646.95,0.16,0,27.2,12.57,7979
2026-04-04 04:59:00,401646.95,0.59,0,29.07,12.14,7979
2026-04-04 05:59:00,401646.95,0.49,0,26.82,12.49,7979
2026-04-04 06:59:00,404148.77,79.14,2511.4,58.27,12.34,8032
2026-04-04 07:59:00,406603.2,75.72,2398.7,68.77,12.75,8086
2026-04-04 08:59:00,409007.28,75.09,2409.3,72.24,12.82,8132
2026-04-04 09:59:00,411375.49,73.34,2310.4,74.26,12.64,8183
2026-04-04 10:59:00,413693.89,75.28,2363.2,73.99,12.36,8228
2026-04-04 11:59:00,415981.42,70.65,2193.8,73.49,12.38,8271
2026-04-04 12:59:00,418246.09,72.84,2293.7,74.04,12.37,8320
2026-04-04 13:59:00,420499.69,72.98,2170.1,73.35,12.56,8369
2026-04-04 14:59:00,422755.13,70.38,2157.5,72.74,12.68,8411
2026-04-04 15:59:00,425006.8,73.09,2223.6,72.85,13.08,8457
2026-04-04 16:59:00,427258.09,72.17,2230.9,72.8,12.5,8504
2026-04-04 17:59:00,429554.58,73.81,2247.8,70.61,12.5,8550
2026-04-04 18:59:00,431876.82,75.45,2345.2,71.89,11.83,8595
2026-04-04 19:59:00,434235.94,74.61,2327.8,71.7,12.31,8643
2026-04-04 20:59:00,436627.28,76.4,2444.7,70.9,12.4,8693
2026-04-04 21:59:00,439064.72,74.36,2408.1,72.58,12.45,8739
2026-04-04 22:59:00,439104.1,0.51,0,42.31,12.69,8739
2026-04-04 23:59:00,439104.1,0.55,0,32.24,12.61,8739
2026-04-05 00:59:00,439104.1,0.8,0,30.51,12.55,8739
2026-04-05 01:59:00,439104.1,0.2,0,29.25,12.52,8739
2026-04-05 02:59:00,439104.1,0.74,0,28.98,12.52,8739
2026-04-05 03:59:00,439104.1,0.25,0,28.22,12.54,8739
2026-04-05 04:59:00,439104.1,0.44,0,29.28,12.39,8739
2026-04-05 05:59:00,439104.1,0.86,0,27.21,12.63,8739
2026-04-05 06:59:00,439104.1,0.0,0,27.27,12.37,8739
2026-04-05 07:59:00,439104.1,0.42,0,27.25,12.85,8739
2026-04-05 08:59:00,439104.1,0.6,0,25.67,12.44,8739
2026-04-05 09:59:00,439104.1,0.05,0,27.96,12.86,8739
2026-04-05 10:59:00,439104.1,0.0,0,28.22,13.0,8739
2026-04-05 11:59:00,439104.1,0.6,0,30.11,12.46,8739
2026-04-05 12:59:00,439104.1,0.21,0,27.08,12.73,8739
2026-04-05 13:59:00,439104.1,0.04,0,27.18,12.71,8739
2026-04-05 14:59:00,439104.1,0.55,0,28.67,12.68,8739
2026-04-05 15:59:00,439104.1,0.76,0,30.31,12.43,8739
2026-04-05 16:59:00,439104.1,0.35,0,29.28,12.49,8739
2026-04-05 17:59:00,439104.1,0.28,0,28.37,12.43,8739
2026-04-05 18:59:00,439104.1,0.21,0,25.96,12.41,8739
2026-04-05 19:59:00,439104.1,0.65,0,26.24,12.5,8739
2026-04-05 20:59:00,439104.1,0.49,0,27.6,12.51,8739
2026-04-05 21:59:00,439104.1,0.24,0,29.29,12.6,8739
2026-04-05 22:59:00,439104.1,0.47,0,27.9,12.61,8739
2026-04-05 23:59:00,439104.1,0.6,0,27.0,12.56,8739
2026-04-06 00:59:00,439104.1,0.51,0,28.44,12.35,8739
2026-04-06 01:59:00,439104.1,0.0,0,27.89,12.48,8739
2026-04-06 02:59:00,439104.1,0.36,0,25.89,12.47,8739
2026-04-06 03:59:00,439104.1,0.45,0,27.66,12.51,8739
2026-04-06 04:59:00,439104.1,0.05,0,24.82,12.38,8739
2026-04-06 05:59:00,439104.1,0.0,0,28.19,12.39,8739
2026-04-06 06:59:00,441593.42,76.44,2555.1,58.17,12.22,8791
2026-04-06 07:59:00,444033.91,77.52,2452.8,65.35,12.54,8841
2026-04-06 08:59:00,446438.74,77.11,2402.3,69.32,12.63,8887
2026-04-06 09:59:00,446478.65,0.39,0,40.33,12.62,8887
2026-04-06 10:59:00,446478.65,0.0,0,30.94,12.51,8887
2026-04-06 11:59:00,446478.65,0.63,0,27.14,12.53,8887
2026-04-06 12:59:00,448743.58,72.1,2287.8,57.51,12.63,8934
2026-04-06 13:59:00,450989.74,71.48,2285.1,65.86,12.72,8984
2026-04-06 14:59:00,453236.97,72.84,2236.2,70.0,12.02,9030
2026-04-06 15:59:00,455479.22,72.22,2276.7,71.31,12.34,9082
2026-04-06 16:59:00,457753.58,72.1,2213.3,73.57,12.77,9129
2026-04-06 17:59:00,460050.28,74.11,2285.1,73.22,12.76,9175
2026-04-06 18:59:00,462364.84,74.66,2350.7,72.69,12.92,9221
2026-04-06 19:59:00,464724.38,71.93,2314.8,70.25,12.55,9268
2026-04-06 20:59:00,467132.11,76.46,2432.2,71.89,12.46,9318
2026-04-06 21:59:00,469591.55,77.67,2487.6,72.05,12.64,9365
2026-04-06 22:59:00,469632.87,0.85,0,42.46,12.54,9365
2026-04-06 23:59:00,469632.87,0.38,0,31.11,12.46,9365
2026-04-07 00:59:00,469632.87,0.51,0,28.41,12.82,9365
2026-04-07 01:59:00,469632.87,0.92,0,29.12,12.44,9365
2026-04-07 02:59:00,469632.87,0.0,0,30.79,12.62,9365
2026-04-07 03:59:00,469632.87,0.66,0,28.46,12.62,9365
2026-04-07 04:59:00,469632.87,0.7,0,30.16,13.09,9365
2026-04-07 05:59:00,469632.87,0.45,0,29.96,13.3,9365
2026-04-07 06:59:00,472120.62,75.46,2494.7,59.21,12.9,9417
2026-04-07 07:59:00,474577.24,75.14,2506.0,68.59,13.17,9463
2026-04-07 08:59:00,476973.96,76.13,2377.4,70.8,12.73,9513
2026-04-07 09:59:00,479337.34,72.68,2357.8,71.92,12.65,9560
2026-04-07 10:59:00,481658.33,72.15,2337.3,72.43,12.06,9604
2026-04-07 11:59:00,483935.73,73.12,2349.4,68.89,12.29,9650
2026-04-07 12:59:00,486206.47,74.28,2308.4,72.22,12.44,9696
2026-04-07 13:59:00,488458.88,73.78,2315.7,72.69,12.6,9745
2026-04-07 14:59:00,490716.55,73.98,2249.2,72.72,12.32,9793
2026-04-07 15:59:00,492962.47,69.57,2185.5,70.67,12.66,9835
2026-04-07 16:59:00,495225.97,72.15,2217.1,70.38,12.05,9878
2026-04-07 17:59:00,497532.51,72.24,2239.5,72.22,12.23,9928
2026-04-07 18:59:00,499851.31,73.68,2336.3,72.0,12.36,9976
2026-04-07 19:59:00,502213.59,75.12,2362.2,72.74,12.67,10022
2026-04-07 20:59:00,504617.03,76.03,2413.1,72.53,12.51,10077
2026-04-07 21:59:00,507061.09,77.7,2454.0,73.86,12.35,10129
2026-04-07 22:59:00,507101.59,0.64,0,42.26,12.43,10129
2026-04-07 23:59:00,507101.59,0.0,0,31.16,12.5,10129
2026-04-08 00:59:00,507101.59,0.0,0,26.97,12.61,10129
2026-04-08 01:59:00,507101.59,0.0,0,29.0,12.15,10129
2026-04-08 02:59:00,507101.59,0.51,0,29.06,12.62,10129
2026-04-08 03:59:00,507101.59,0.29,0,29.0,12.68,10129
2026-04-08 04:59:00,507101.59,0.84,0,28.19,12.32,10129
2026-04-08 05:59:00,507101.59,0.28,0,28.01,12.17,10129
2026-04-08 06:59:00,509577.44,75.98,2490.3,57.71,12.75,10182
2026-04-08 07:59:00,512031.82,75.49,2445.9,67.76,12.65,10226
2026-04-08 08:59:00,514444.38,76.33,2535.9,72.5,12.65,10266
2026-04-08 09:59:00,516807.57,74.6,2369.5,72.21,12.39,10308
2026-04-08 10:59:00,519134.42,73.69,2263.3,74.45,12.12,10355
2026-04-08 11:59:00,521413.23,76.75,2342.6,72.82,12.04,10406
2026-04-08 12:59:00,523691.24,70.37,2263.5,73.01,12.64,10454
2026-04-08 13:59:00,525947.57,71.2,2258.9,71.85,12.71,10501
2026-04-08 14:59:00,528207.25,71.23,2188.6,72.63,12.51,10547
2026-04-08 15:59:00,530452.65,74.17,2185.3,71.23,12.63,10592
2026-04-08 16:59:00,532716.34,73.64,2176.2,72.15,12.64,10641
2026-04-08 17:59:00,535004.15,76.95,2322.9,73.43,12.29,10688
2026-04-08 18:59:00,537335.85,73.91,2314.2,70.98,11.89,10734
2026-04-08 19:59:00,539689.9,77.37,2472.4,70.95,11.97,10785
2026-04-08 20:59:00,542092.08,71.68,2432.8,72.77,12.26,10829
2026-04-08 21:59:00,544553.7,75.51,2450.2,71.52,12.64,10872
2026-04-08 22:59:00,544594.29,0.39,0,40.7,12.41,10872
2026-04-08 23:59:00,544594.29,0.3,0,32.36,12.28,10872
2026-04-09 00:59:00,544594.29,0.43,0,28.15,12.7,10872
2026-04-09 01:59:00,544594.29,0.9,0,27.45,12.83,10872
2026-04-09 02:59:00,544594.29,0.02,0,27.92,12.22,10872
2026-04-09 03:59:00,544594.29,0.31,0,27.92,12.18,10872
2026-04-09 04:59:00,544594.29,0.8,0,28.46,12.27,10872
2026-04-09 05:59:00,544594.29,0.13,0,29.45,12.39,10872
2026-04-09 06:59:00,547097.99,77.85,2581.5,59.43,11.99,10923
2026-04-09 07:59:00,549554.53,76.84,2515.8,68.53,12.19,10970
2026-04-09 08:59:00,551963.39,73.11,2407.1,71.04,12.96,11023
2026-04-09 09:59:00,554326.37,75.62,2360.6,71.3,12.16,11074
2026-04-09 10:59:00,556649.61,75.43,2346.8,68.93,12.64,11118
2026-04-09 11:59:00,558919.53,71.19,2288.3,69.35,12.63,11166
2026-04-09 12:59:00,561190.29,75.27,2321.6,69.1,12.87,11211
2026-04-09 13:59:00,563439.65,70.71,2257.9,72.23,12.77,11258
2026-04-09 14:59:00,565683.73,74.03,2297.9,73.41,12.76,11295
2026-04-09 15:59:00,567931.63,73.59,2316.6,73.04,12.22,11342
2026-04-09 16:59:00,570198.9,70.8,2220.1,72.3,12.52,11389
2026-04-09 17:59:00,572498.08,72.21,2304.4,71.48,12.22,11436
2026-04-09 18:59:00,574822.43,69.01,2234.7,71.73,13.42,11483
2026-04-09 19:59:00,577165.3,74.83,2438.4,70.88,12.61,11527
2026-04-09 20:59:00,579574.98,73.62,2352.8,71.05,12.79,11576
2026-04-09 21:59:00,582015.21,74.21,2424.4,72.16,12.87,11631
2026-04-09 22:59:00,582055.48,0.38,0,40.52,12.43,11631
2026-04-09 23:59:00,582055.48,0.31,0,29.82,12.74,11631
2026-04-10 00:59:00,582055.48,0.53,0,25.36,12.69,11631
2026-04-10 01:59:00,582055.48,0.0,0,27.58,12.87,11631
2026-04-10 02:59:00,582055.48,0.3,0,27.06,12.38,11631
2026-04-10 03:59:00,582055.48,0.0,0,27.33,12.0,11631
2026-04-10 04:59:00,582055.48,0.03,0,28.07,12.34,11631
2026-04-10 05:59:00,582055.48,0.0,0,27.46,12.55,11631
2026-04-10 06:59:00,584567.07,77.32,2547.4,57.62,12.78,11683
2026-04-10 07:59:00,587015.63,77.9,2462.2,68.72,12.48,11732
2026-04-10 08:59:00,589411.19,71.36,2370.0,72.13,12.44,11770
2026-04-10 09:59:00,591773.62,76.86,2347.8,71.53,12.57,11814
2026-04-10 10:59:00,594083.42,73.6,2323.0,71.26,12.6,11864
2026-04-10 11:59:00,596375.36,71.82,2232.3,71.98,12.44,11908
2026-04-10 12:59:00,598647.08,71.33,2281.3,72.6,12.66,11957
2026-04-10 13:59:00,600897.11,73.44,2251.9,72.1,12.96,12003
2026-04-10 14:59:00,603149.73,70.54,2158.7,74.25,12.75,12049
2026-04-10 15:59:00,605403.78,72.7,2234.3,73.43,12.79,12094
2026-04-10 16:59:00,607667.03,74.6,2310.0,74.43,12.59,12142
2026-04-10 17:59:00,609941.77,72.4,2257.8,72.57,13.47,12190
2026-04-10 18:59:00,612250.61,74.51,2390.7,73.16,12.75,12236
2026-04-10 19:59:00,614605.26,73.98,2317.7,73.19,12.71,12286
2026-04-10 20:59:00,617007.08,76.96,2513.5,71.35,12.62,12337
2026-04-10 21:59:00,619460.11,75.24,2415.0,73.78,12.6,12384
2026-04-10 22:59:00,619500.37,0.27,0,40.15,12.12,12384
2026-04-10 23:59:00,619500.37,0.05,0,33.04,12.0,12384
2026-04-11 00:59:00,619500.37,0.17,0,29.59,12.18,12384
2026-04-11 01:59:00,619500.37,0.32,0,28.62,11.9,12384
2026-04-11 02:59:00,619500.37,0.64,0,28.25,12.17,12384
2026-04-11 03:59:00,619500.37,0.0,0,28.02,12.51,12384
2026-04-11 04:59:00,619500.37,0.26,0,28.87,12.64,12384
2026-04-11 05:59:00,619500.37,0.32,0,28.92,12.24,12384
2026-04-11 06:59:00,622003.42,77.75,2505.5,59.35,11.98,12433
2026-04-11 07:59:00,624462.62,75.73,2436.8,69.51,12.33,12489
2026-04-11 08:59:00,626859.76,74.23,2392.1,72.89,12.47,12538
2026-04-11 09:59:00,629212.01,75.9,2342.7,70.75,12.57,12588
2026-04-11 10:59:00,631530.16,76.45,2334.8,71.39,12.29,12635
2026-04-11 11:59:00,633823.47,74.34,2335.2,71.44,12.48,12682
2026-04-11 12:59:00,636094.6,73.69,2291.9,73.22,12.45,12729
2026-04-11 13:59:00,638353.35,72.57,2323.9,72.83,12.61,12769
2026-04-11 14:59:00,640598.51,75.15,2275.2,72.62,12.43,12817
2026-04-11 15:59:00,642835.77,72.16,2276.5,72.63,12.51,12861
2026-04-11 16:59:00,645109.8,71.9,2273.3,71.62,12.57,12908
2026-04-11 17:59:00,647410.03,73.63,2262.4,70.74,12.54,12953
2026-04-11 18:59:00,649730.06,71.54,2254.2,69.15,12.61,13001
2026-04-11 19:59:00,652089.87,73.14,2328.4,71.37,12.88,13050
2026-04-11 20:59:00,654500.36,73.23,2383.9,73.2,12.88,13097
2026-04-11 21:59:00,656955.22,75.67,2352.7,72.82,12.65,13151
2026-04-11 22:59:00,656994.18,0.7,0,41.22,12.57,13151
2026-04-11 23:59:00,656994.18,0.06,0,32.78,12.43,13151
2026-04-12 00:59:00,656994.18,0.29,0,29.59,12.58,13151
2026-04-12 01:59:00,656994.18,0.63,0,30.06,12.55,13151
2026-04-12 02:59:00,656994.18,0.03,0,28.94,12.16,13151
2026-04-12 03:59:00,656994.18,0.33,0,28.32,12.31,13151
2026-04-12 04:59:00,656994.18,0.0,0,28.4,12.26,13151
2026-04-12 05:59:00,656994.18,0.51,0,27.34,12.21,13151
2026-04-12 06:59:00,656994.18,1.09,0,27.57,12.36,13151
2026-04-12 07:59:00,656994.18,0.39,0,28.19,12.33,13151
2026-04-12 08:59:00,656994.18,0.25,0,27.38,12.5,13151
2026-04-12 09:59:00,656994.18,0.23,0,28.49,12.5,13151
2026-04-12 10:59:00,656994.18,0.59,0,27.53,13.04,13151
2026-04-12 11:59:00,656994.18,0.52,0,27.38,12.73,13151
2026-04-12 12:59:00,656994.18,0.55,0,27.49,12.54,13151
2026-04-12 13:59:00,656994.18,0.57,0,27.31,12.87,13151
2026-04-12 14:59:00,656994.18,0.51,0,28.03,12.92,13151
2026-04-12 15:59:00,656994.18,0.61,0,28.01,12.79,13151
2026-04-12 16:59:00,656994.18,0.11,0,28.84,12.46,13151
2026-04-12 17:59:00,656994.18,0.74,0,27.76,11.9,13151
2026-04-12 18:59:00,656994.18,0.0,0,29.14,12.39,13151
2026-04-12 19:59:00,656994.18,0.1,0,29.35,12.63,13151
2026-04-12 20:59:00,656994.18,0.54,0,28.05,12.48,13151
2026-04-12 21:59:00,656994.18,0.09,0,28.63,12.43,13151
2026-04-12 22:59:00,656994.18,0.6,0,27.78,12.59,13151
2026-04-12 23:59:00,656994.18,0.07,0,27.21,12.22,13151
2026-04-13 00:59:00,656994.18,0.08,0,26.51,12.79,13151
2026-04-13 01:59:00,656994.18,0.24,0,27.98,12.67,13151
2026-04-13 02:59:00,656994.18,0.0,0,28.06,12.8,13151
2026-04-13 03:59:00,656994.18,0.46,0,26.57,12.28,13151
2026-04-13 04:59:00,656994.18,0.49,0,26.47,12.13,13151
2026-04-13 05:59:00,656994.18,0.4,0,27.91,12.43,13151
2026-04-13 06:59:00,659499.83,79.56,2528.9,58.55,12.23,13201
2026-04-13 07:59:00,661951.53,76.16,2469.5,67.13,12.26,13249
2026-04-13 08:59:00,664345.65,73.8,2465.2,71.07,12.49,13295
2026-04-13 09:59:00,664386.06,0.46,0,41.33,12.68,13295
2026-04-13 10:59:00,665532.43,73.22,2288.9,52.84,13.77,13320
2026-04-13 11:59:00,667825.44,72.65,2264.2,63.61,13.1,13366
2026-04-13 12:59:00,670079.42,73.17,2306.4,68.8,12.62,13415
2026-04-13 13:59:00,672331.51,72.79,2196.4,70.48,12.36,13462
2026-04-13 14:59:00,674546.28,70.37,2211.8,70.9,12.63,13504
2026-04-13 15:59:00,676793.33,74.57,2256.8,70.98,12.29,13547
2026-04-13 16:59:00,679064.24,69.86,2224.4,72.05,12.43,13595
2026-04-13 17:59:00,681352.75,73.02,2256.4,73.07,12.66,13642
2026-04-13 18:59:00,683668.63,74.43,2356.5,72.01,12.2,13688
2026-04-13 19:59:00,686013.06,75.08,2365.6,71.56,12.71,13732
2026-04-13 20:59:00,688429.33,75.84,2448.8,74.47,12.62,13779
2026-04-13 21:59:00,690877.19,78.75,2534.7,73.66,12.45,13830
2026-04-13 22:59:00,690919.24,0.26,0,43.84,12.38,13830
2026-04-13 23:59:00,690919.24,0.32,0,32.99,12.75,13830
2026-04-14 00:59:00,690919.24,0.27,0,30.07,12.59,13830
2026-04-14 01:59:00,690919.24,0.47,0,27.81,12.57,13830
2026-04-14 02:59:00,690919.24,0.2,0,28.18,12.46,13830
2026-04-14 03:59:00,690919.24,0.11,0,26.85,12.32,13830
2026-04-14 04:59:00,690919.24,0.33,0,26.47,12.29,13830
2026-04-14 05:59:00,690919.24,0.72,0,25.64,12.13,13830
2026-04-14 06:59:00,693422.27,74.84,2491.7,57.47,11.99,13882
2026-04-14 07:59:00,695866.15,74.83,2507.4,68.18,12.41,13929
2026-04-14 08:59:00,698262.44,72.66,2363.2,72.5,13.29,13974
2026-04-14 09:59:00,700620.08,74.47,2377.8,72.38,12.75,14020
2026-04-14 10:59:00,702949.2,72.02,2278.2,72.4,12.64,14066
2026-04-14 11:59:00,705246.38,74.47,2344.6,73.73,12.64,14115
2026-04-14 12:59:00,707515.43,74.81,2339.2,71.93,12.48,14166
2026-04-14 13:59:00,709767.91,74.84,2349.7,74.18,12.4,14212
2026-04-14 14:59:00,712021.99,76.05,2286.3,72.2,12.74,14255
2026-04-14 15:59:00,714277.85,68.16,2184.0,69.52,12.95,14299
2026-04-14 16:59:00,716553.22,74.26,2278.2,72.75,12.5,14349
2026-04-14 17:59:00,718851.08,72.94,2326.3,72.02,12.21,14396
2026-04-14 18:59:00,721182.0,72.09,2271.0,72.46,13.08,14442
2026-04-14 19:59:00,723550.67,73.22,2322.0,71.74,12.27,14493
2026-04-14 20:59:00,725952.58,73.92,2461.0,72.89,12.57,14539
2026-04-14 21:59:00,728415.12,76.45,2448.6,73.88,12.61,14584
2026-04-14 22:59:00,728455.87,0.11,0,41.43,12.98,14584
2026-04-14 23:59:00,728455.87,0.4,0,31.56,12.56,14584
2026-04-15 00:59:00,728455.87,0.74,0,30.42,12.4,14584
2026-04-15 01:59:00,728455.87,0.51,0,30.01,12.5,14584
2026-04-15 02:59:00,728455.87,0.7,0,29.91,12.77,14584
2026-04-15 03:59:00,728455.87,0.39,0,27.29,12.36,14584
2026-04-15 04:59:00,728455.87,0.44,0,28.99,12.43,14584
2026-04-15 05:59:00,728455.87,0.21,0,29.33,12.47,14584
2026-04-15 06:59:00,730952.14,77.4,2499.9,59.22,12.6,14634
2026-04-15 07:59:00,733399.99,75.25,2389.3,68.6,12.51,14680
2026-04-15 08:59:00,735803.85,73.88,2315.2,71.36,12.06,14720
2026-04-15 09:59:00,738168.84,72.21,2318.1,71.65,12.56,14768
2026-04-15 10:59:00,740491.62,78.2,2417.1,70.97,12.42,14812
2026-04-15 11:59:00,742782.41,72.45,2266.9,71.47,12.48,14857
2026-04-15 12:59:00,745033.54,72.29,2331.0,70.86,12.57,14903
2026-04-15 13:59:00,747282.82,75.13,2280.1,72.09,12.88,14951
2026-04-15 14:59:00,749535.35,70.24,2161.0,72.56,12.31,14992
2026-04-15 15:59:00,751793.88,74.71,2231.6,74.04,12.76,15036
2026-04-15 16:59:00,754058.28,73.76,2244.7,74.46,12.84,15079
2026-04-15 17:59:00,756333.91,73.39,2273.4,70.87,12.49,15130
2026-04-15 18:59:00,758656.28,71.91,2285.3,72.32,12.29,15178
2026-04-15 19:59:00,760999.26,76.99,2483.5,72.63,12.4,15227
2026-04-15 20:59:00,763380.87,76.42,2386.9,73.08,12.8,15278
2026-04-15 21:59:00,765830.2,73.4,2466.5,73.01,12.69,15329
2026-04-15 22:59:00,765871.23,0.0,0,41.71,12.1,15329
2026-04-15 23:59:00,765871.23,0.45,0,31.1,12.38,15329
2026-04-16 00:59:00,765871.23,0.21,0,31.67,12.21,15329
2026-04-16 01:59:00,765871.23,0.56,0,29.77,12.47,15329
2026-04-16 02:59:00,765871.23,0.0,0,28.24,12.65,15329
2026-04-16 03:59:00,765871.23,0.04,0,26.63,12.22,15329
2026-04-16 04:59:00,765871.23,0.0,0,27.79,12.4,15329
2026-04-16 05:59:00,765871.23,0.0,0,28.49,12.28,15329
2026-04-16 06:59:00,768355.76,79.03,2485.8,58.81,12.51,15381
2026-04-16 07:59:00,770805.96,76.52,2542.2,67.09,12.44,15429
2026-04-16 08:59:00,773216.65,76.8,2530.4,69.79,12.87,15476
2026-04-16 09:59:00,775577.55,73.36,2317.3,71.3,12.57,15523
2026-04-16 10:59:00,777905.3,73.42,2234.3,73.55,12.47,15570
2026-04-16 11:59:00,780201.5,71.16,2278.2,72.58,12.12,15612
2026-04-16 12:59:00,782475.9,76.59,2250.2,71.61,12.07,15661
2026-04-16 13:59:00,784732.72,71.1,2227.0,73.01,12.2,15701
2026-04-16 14:59:00,786981.94,71.53,2254.3,72.58,12.47,15748
2026-04-16 15:59:00,789224.25,71.97,2239.6,74.43,12.61,15795
2026-04-16 16:59:00,791481.35,73.32,2268.5,72.4,12.36,15839
2026-04-16 17:59:00,793776.37,70.96,2261.3,71.77,12.31,15889
2026-04-16 18:59:00,796081.67,74.34,2295.8,72.05,12.7,15935
2026-04-16 19:59:00,798435.23,71.51,2350.6,71.46,12.91,15982
2026-04-16 20:59:00,800839.86,76.61,2398.5,70.85,12.52,16026
2026-04-16 21:59:00,803268.89,75.07,2409.1,70.09,12.37,16074
2026-04-16 22:59:00,803308.7,0.32,0,41.52,12.42,16074
2026-04-16 23:59:00,803308.7,0.0,0,31.96,12.61,16074
2026-04-17 00:59:00,803308.7,0.56,0,29.6,12.71,16074
2026-04-17 01:59:00,803308.7,0.51,0,29.0,12.81,16074
2026-04-17 02:59:00,803308.7,0.21,0,29.33,12.39,16074
2026-04-17 03:59:00,803308.7,0.27,0,27.29,12.71,16074
2026-04-17 04:59:00,803308.7,0.32,0,26.83,12.21,16074
2026-04-17 05:59:00,803308.7,0.63,0,27.82,12.3,16074
2026-04-17 06:59:00,805801.09,73.96,2458.4,59.55,13.5,16125
2026-04-17 07:59:00,808253.52,79.26,2464.5,69.09,12.9,16180
2026-04-17 08:59:00,810661.31,74.48,2388.7,71.03,12.7,16224
2026-04-17 09:59:00,813016.12,74.01,2370.1,66.95,12.55,16270
2026-04-17 10:59:00,815335.72,73.63,2251.1,71.13,13.42,16313
2026-04-17 11:59:00,817605.89,73.64,2311.2,69.98,12.9,16355
2026-04-17 12:59:00,819852.25,72.82,2332.7,68.89,12.51,16405
2026-04-17 13:59:00,822108.41,69.72,2159.5,70.21,12.54,16449
2026-04-17 14:59:00,824349.16,70.47,2269.9,71.47,12.51,16495
2026-04-17 15:59:00,826618.46,72.52,2209.6,75.37,12.43,16543
2026-04-17 16:59:00,828893.07,73.9,2326.2,71.4,12.32,16587
2026-04-17 17:59:00,831186.76,75.08,2323.1,72.47,12.66,16633
2026-04-17 18:59:00,833516.67,73.71,2326.5,70.36,12.13,16677
2026-04-17 19:59:00,835881.19,73.85,2342.2,71.45,12.07,16731
2026-04-17 20:59:00,838283.53,77.93,2423.7,75.08,12.15,16782
2026-04-17 21:59:00,840735.77,75.69,2408.1,72.89,12.2,16834
2026-04-17 22:59:00,840775.81,0.65,0,40.53,12.4,16834
2026-04-17 23:59:00,840775.81,0.0,0,31.7,12.73,16834
2026-04-18 00:59:00,840775.81,0.33,0,28.76,12.85,16834
2026-04-18 01:59:00,840775.81,0.44,0,26.75,12.27,16834
2026-04-18 02:59:00,840775.81,0.5,0,29.09,12.57,16834
2026-04-18 03:59:00,840775.81,0.16,0,29.21,12.78,16834
2026-04-18 04:59:00,840775.81,0.12,0,31.82,12.83,16834
2026-04-18 05:59:00,840775.81,0.0,0,30.21,12.86,16834
2026-04-18 06:59:00,843281.06,77.57,2524.4,60.44,12.4,16881
2026-04-18 07:59:00,845702.2,75.06,2428.5,67.41,12.42,16929
2026-04-18 08:59:00,848101.66,74.1,2398.2,70.9,12.52,16978
2026-04-18 09:59:00,850470.22,75.62,2321.5,70.17,12.44,17028
2026-04-18 10:59:00,852792.81,72.4,2280.6,68.24,12.14,17072
2026-04-18 11:59:00,855086.61,73.81,2302.3,71.07,12.57,17121
2026-04-18 12:59:00,857345.47,70.82,2256.8,72.4,12.58,17164
2026-04-18 13:59:00,859576.45,69.73,2231.9,72.8,12.44,17209
2026-04-18 14:59:00,861829.09,70.28,2217.3,72.89,12.28,17251
2026-04-18 15:59:00,864073.05,73.64,2277.0,73.59,12.86,17296
2026-04-18 16:59:00,866340.32,70.75,2172.2,72.85,12.65,17345
2026-04-18 17:59:00,868622.91,72.96,2275.3,71.28,12.64,17393
2026-04-18 18:59:00,870945.19,74.98,2448.2,73.89,12.66,17433
2026-04-18 19:59:00,873308.8,73.29,2412.3,70.89,12.25,17485
2026-04-18 20:59:00,875723.0,73.64,2318.2,71.47,12.55,17537
2026-04-18 21:59:00,878170.78,79.97,2489.9,70.22,11.91,17587
2026-04-18 22:59:00,878212.1,0.53,0,41.97,12.29,17587
2026-04-18 23:59:00,878212.1,0.7,0,32.49,11.87,17587
2026-04-19 00:59:00,878212.1,0.69,0,29.01,12.16,17587
2026-04-19 01:59:00,878212.1,0.68,0,27.96,12.43,17587
2026-04-19 02:59:00,878212.1,0.3,0,28.67,12.32,17587
2026-04-19 03:59:00,878212.1,0.26,0,29.18,12.31,17587
2026-04-19 04:59:00,878212.1,0.34,0,27.87,12.37,17587
2026-04-19 05:59:00,878212.1,0.03,0,28.02,12.32,17587
2026-04-19 06:59:00,878212.1,0.49,0,27.72,12.27,17587
2026-04-19 07:59:00,878212.1,0.71,0,27.42,12.46,17587
2026-04-19 08:59:00,878212.1,0.0,0,27.09,12.8,17587
2026-04-19 09:59:00,878212.1,0.04,0,27.12,12.3,17587
2026-04-19 10:59:00,878212.1,0.14,0,27.33,12.12,17587
2026-04-19 11:59:00,878212.1,0.0,0,27.81,12.29,17587
2026-04-19 12:59:00,878212.1,0.0,0,29.53,12.06,17587
2026-04-19 13:59:00,878212.1,0.0,0,27.89,12.23,17587
2026-04-19 14:59:00,878212.1,0.43,0,25.34,12.55,17587
2026-04-19 15:59:00,878212.1,0.22,0,25.11,12.56,17587
2026-04-19 16:59:00,878212.1,0.49,0,27.78,12.48,17587
2026-04-19 17:59:00,878212.1,0.6,0,27.25,12.32,17587
2026-04-19 18:59:00,878212.1,0.26,0,29.82,12.23,17587
2026-04-19 19:59:00,878212.1,0.48,0,29.02,12.66,17587
2026-04-19 20:59:00,878212.1,0.45,0,27.13,12.88,17587
2026-04-19 21:59:00,878212.1,0.17,0,28.19,12.81,17587
2026-04-19 22:59:00,878212.1,0.72,0,28.02,12.53,17587
2026-04-19 23:59:00,878212.1,0.48,0,27.59,12.36,17587
2026-04-20 00:59:00,878212.1,0.17,0,27.55,12.7,17587
2026-04-20 01:59:00,878212.1,0.19,0,27.43,12.63,17587
2026-04-20 02:59:00,878212.1,0.64,0,30.12,12.38,17587
2026-04-20 03:59:00,878212.1,0.44,0,27.94,12.51,17587
2026-04-20 04:59:00,878212.1,0.0,0,29.0,12.56,17587
2026-04-20 05:59:00,878212.1,0.22,0,28.63,12.72,17587
2026-04-20 06:59:00,880704.61,78.74,2444.4,57.25,12.48,17640
2026-04-20 07:59:00,883158.62,75.63,2354.3,68.24,12.48,17689
2026-04-20 08:59:00,885562.97,76.02,2432.5,72.32,12.43,17742
2026-04-20 09:59:00,887933.21,74.04,2399.1,71.38,12.75,17790
2026-04-20 10:59:00,890242.64,75.44,2360.3,72.34,12.74,17833
2026-04-20 11:59:00,892541.49,70.77,2243.6,72.85,12.38,17879
2026-04-20 12:59:00,894805.67,73.9,2276.3,72.67,12.26,17923
2026-04-20 13:59:00,897059.62,74.79,2309.2,72.2,12.75,17972
2026-04-20 14:59:00,899299.3,73.88,2288.9,72.5,13.15,18024
2026-04-20 15:59:00,901554.82,71.14,2283.0,71.79,12.31,18070
2026-04-20 16:59:00,903822.37,72.8,2197.7,74.41,12.3,18119
2026-04-20 17:59:00,906113.09,75.87,2365.7,74.48,12.51,18160
2026-04-20 18:59:00,908437.58,71.86,2281.7,72.08,12.33,18208
2026-04-20 19:59:00,910800.73,75.74,2405.8,71.79,13.04,18259
2026-04-20 20:59:00,913177.36,78.05,2421.2,74.24,12.23,18306
2026-04-20 21:59:00,915611.39,76.71,2377.3,73.62,12.62,18357
2026-04-20 22:59:00,915650.29,0.0,0,43.17,12.41,18357
2026-04-20 23:59:00,915650.29,0.54,0,33.49,12.25,18357
2026-04-21 00:59:00,915650.29,0.05,0,30.14,12.62,18357
2026-04-21 01:59:00,915650.29,0.27,0,28.78,12.21,18357
2026-04-21 02:59:00,915650.29,0.48,0,28.61,12.43,18357
2026-04-21 03:59:00,915650.29,0.62,0,27.93,12.9,18357
2026-04-21 04:59:00,915650.29,0.29,0,27.86,12.6,18357
2026-04-21 05:59:00,915650.29,0.46,0,28.59,12.8,18357
2026-04-21 06:59:00,918138.33,74.5,2426.1,57.73,12.48,18406
2026-04-21 07:59:00,920592.18,77.75,2476.3,67.08,12.82,18457
2026-04-21 08:59:00,922992.19,74.81,2351.5,71.93,12.76,18505
2026-04-21 09:59:00,925347.43,72.3,2289.9,70.23,12.78,18554
2026-04-21 10:59:00,927674.89,72.69,2348.5,72.59,12.96,18597
2026-04-21 11:59:00,927714.09,0.05,0,39.34,12.94,18597
2026-04-21 12:59:00,928842.89,72.49,2220.9,51.2,12.59,18621
2026-04-21 13:59:00,931089.88,72.91,2274.1,66.73,12.65,18664
2026-04-21 14:59:00,933341.5,70.71,2166.6,71.41,13.25,18705
2026-04-21 15:59:00,935597.84,75.64,2339.5,71.01,12.86,18753
2026-04-21 16:59:00,937868.79,74.91,2230.6,72.6,12.43,18804
2026-04-21 17:59:00,940162.11,76.1,2348.1,74.92,13.04,18849
2026-04-21 18:59:00,942488.01,72.73,2334.2,72.99,12.49,18898
2026-04-21 19:59:00,944857.7,71.47,2343.9,72.92,12.7,18942
2026-04-21 20:59:00,947261.29,79.3,2472.9,70.82,12.65,18991
2026-04-21 21:59:00,949708.87,75.72,2414.3,72.29,12.85,19043
2026-04-21 22:59:00,949748.55,0.31,0,42.49,12.51,19043
2026-04-21 23:59:00,949748.55,0.0,0,33.05,12.65,19043
